{
  "3d_viewer": {
    "background_bottom": "rgb(102, 102, 128)",
    "background_top": "rgb(204, 204, 230)",
    "board": "rgba(51, 43, 23, 0.902)",
    "copper": "rgb(179, 156, 0)",
    "silkscreen_bottom": "rgb(230, 230, 230)",
    "silkscreen_top": "rgb(230, 230, 230)",
    "soldermask_bottom": "rgba(20, 51, 36, 0.831)",
    "soldermask_top": "rgba(20, 51, 36, 0.831)",
    "solderpaste": "rgb(128, 128, 128)",
    "user_1": "rgb(194, 194, 194)",
    "user_10": "rgb(89, 148, 220)",
    "user_11": "rgb(180, 219, 210)",
    "user_12": "rgb(216, 200, 82)",
    "user_13": "rgb(194, 194, 194)",
    "user_14": "rgb(89, 148, 220)",
    "user_15": "rgb(180, 219, 210)",
    "user_16": "rgb(216, 200, 82)",
    "user_17": "rgb(194, 194, 194)",
    "user_18": "rgb(89, 148, 220)",
    "user_19": "rgb(180, 219, 210)",
    "user_2": "rgb(89, 148, 220)",
    "user_20": "rgb(216, 200, 82)",
    "user_21": "rgb(194, 194, 194)",
    "user_22": "rgb(89, 148, 220)",
    "user_23": "rgb(180, 219, 210)",
    "user_24": "rgb(216, 200, 82)",
    "user_25": "rgb(194, 194, 194)",
    "user_26": "rgb(89, 148, 220)",
    "user_27": "rgb(180, 219, 210)",
    "user_28": "rgb(216, 200, 82)",
    "user_29": "rgb(194, 194, 194)",
    "user_3": "rgb(180, 219, 210)",
    "user_30": "rgb(89, 148, 220)",
    "user_31": "rgb(180, 219, 210)",
    "user_32": "rgb(216, 200, 82)",
    "user_33": "rgb(194, 194, 194)",
    "user_34": "rgb(89, 148, 220)",
    "user_35": "rgb(180, 219, 210)",
    "user_36": "rgb(216, 200, 82)",
    "user_37": "rgb(194, 194, 194)",
    "user_38": "rgb(89, 148, 220)",
    "user_39": "rgb(180, 219, 210)",
    "user_4": "rgb(216, 200, 82)",
    "user_40": "rgb(216, 200, 82)",
    "user_41": "rgb(194, 194, 194)",
    "user_42": "rgb(89, 148, 220)",
    "user_43": "rgb(180, 219, 210)",
    "user_44": "rgb(216, 200, 82)",
    "user_45": "rgb(194, 194, 194)",
    "user_5": "rgb(194, 194, 194)",
    "user_6": "rgb(89, 148, 220)",
    "user_7": "rgb(180, 219, 210)",
    "user_8": "rgb(216, 200, 82)",
    "user_9": "rgb(232, 178, 167)"
  },
  "board": {
    "anchor": "rgb(0, 40, 104)",
    "aux_items": "rgb(40, 40, 40)",
    "b_adhes": "rgba(0, 40, 104, 0.600)",
    "b_crtyd": "rgb(61, 122, 122)",
    "b_fab": "rgb(80, 90, 100)",
    "b_mask": "rgba(0, 40, 104, 0.651)",
    "b_paste": "rgba(61, 122, 122, 0.702)",
    "b_silks": "rgba(0, 40, 104, 0.851)",
    "background": "rgb(245, 245, 245)",
    "cmts_user": "rgb(139, 105, 20)",
    "conflicts_shadow": "rgba(255, 0, 5, 0.502)",
    "copper": {
      "b": "rgba(0, 40, 104, 0.749)",
      "f": "rgba(191, 10, 48, 0.749)",
      "in1": "rgba(61, 122, 122, 0.702)",
      "in10": "rgb(120, 80, 120)",
      "in11": "rgb(140, 80, 80)",
      "in12": "rgb(120, 120, 60)",
      "in13": "rgb(100, 100, 100)",
      "in14": "rgb(0, 40, 104)",
      "in15": "rgb(61, 122, 122)",
      "in16": "rgb(191, 10, 48)",
      "in17": "rgb(139, 105, 20)",
      "in18": "rgb(120, 80, 140)",
      "in19": "rgb(191, 10, 48)",
      "in2": "rgba(139, 105, 20, 0.702)",
      "in20": "rgb(60, 100, 100)",
      "in21": "rgb(61, 122, 122)",
      "in22": "rgb(0, 40, 104)",
      "in23": "rgb(100, 100, 100)",
      "in24": "rgb(120, 80, 120)",
      "in25": "rgb(80, 80, 80)",
      "in26": "rgb(120, 80, 120)",
      "in27": "rgb(140, 80, 80)",
      "in28": "rgb(120, 120, 60)",
      "in29": "rgb(80, 80, 80)",
      "in3": "rgba(60, 120, 120, 0.702)",
      "in30": "rgb(0, 40, 104)",
      "in4": "rgba(40, 120, 120, 0.702)",
      "in5": "rgba(140, 80, 140, 0.702)",
      "in6": "rgba(120, 80, 120, 0.702)",
      "in7": "rgb(100, 100, 100)",
      "in8": "rgb(120, 80, 120)",
      "in9": "rgb(80, 80, 80)"
    },
    "cursor": "rgb(0, 0, 0)",
    "drc_error": "rgba(191, 10, 48, 0.851)",
    "drc_exclusion": "rgba(80, 80, 80, 0.800)",
    "drc_warning": "rgba(180, 130, 0, 0.851)",
    "dwgs_user": "rgb(60, 60, 60)",
    "eco1_user": "rgb(61, 122, 122)",
    "eco2_user": "rgb(139, 105, 20)",
    "edge_cuts": "rgba(139, 105, 20, 0.902)",
    "f_adhes": "rgba(191, 10, 48, 0.600)",
    "f_crtyd": "rgb(60, 60, 60)",
    "f_fab": "rgb(160, 100, 100)",
    "f_mask": "rgba(191, 10, 48, 0.651)",
    "f_paste": "rgba(180, 80, 80, 0.702)",
    "f_silks": "rgba(40, 40, 40, 0.902)",
    "footprint_text_back": "rgb(0, 40, 104)",
    "footprint_text_front": "rgb(60, 60, 60)",
    "footprint_text_invisible": "rgb(160, 160, 160)",
    "grid": "rgb(210, 210, 210)",
    "grid_axes": "rgb(180, 180, 180)",
    "locked_shadow": "rgba(255, 38, 226, 0.502)",
    "margin": "rgb(191, 10, 48)",
    "no_connect": "rgb(0, 40, 104)",
    "outline_area": "rgba(100, 100, 100, 0.349)",
    "pad_back": "rgba(0, 40, 104, 0.750)",
    "pad_front": "rgba(191, 10, 48, 0.750)",
    "pad_net_names": "rgba(255, 255, 255, 0.902)",
    "pad_plated_hole": "rgb(139, 105, 20)",
    "pad_through_hole": "rgba(61, 122, 122, 0.750)",
    "page_limits": "rgb(210, 210, 210)",
    "plated_hole": "rgb(139, 105, 20)",
    "points": "rgb(255, 38, 226)",
    "ratsnest": "rgb(80, 80, 80)",
    "track_net_names": "rgba(255, 255, 255, 0.702)",
    "user_1": "rgb(80, 80, 80)",
    "user_10": "rgb(89, 148, 220)",
    "user_11": "rgb(180, 219, 210)",
    "user_12": "rgb(216, 200, 82)",
    "user_13": "rgb(194, 194, 194)",
    "user_14": "rgb(89, 148, 220)",
    "user_15": "rgb(180, 219, 210)",
    "user_16": "rgb(216, 200, 82)",
    "user_17": "rgb(194, 194, 194)",
    "user_18": "rgb(89, 148, 220)",
    "user_19": "rgb(180, 219, 210)",
    "user_2": "rgb(0, 40, 104)",
    "user_20": "rgb(216, 200, 82)",
    "user_21": "rgb(194, 194, 194)",
    "user_22": "rgb(89, 148, 220)",
    "user_23": "rgb(180, 219, 210)",
    "user_24": "rgb(216, 200, 82)",
    "user_25": "rgb(194, 194, 194)",
    "user_26": "rgb(89, 148, 220)",
    "user_27": "rgb(180, 219, 210)",
    "user_28": "rgb(216, 200, 82)",
    "user_29": "rgb(194, 194, 194)",
    "user_3": "rgb(61, 122, 122)",
    "user_30": "rgb(89, 148, 220)",
    "user_31": "rgb(180, 219, 210)",
    "user_32": "rgb(216, 200, 82)",
    "user_33": "rgb(194, 194, 194)",
    "user_34": "rgb(89, 148, 220)",
    "user_35": "rgb(180, 219, 210)",
    "user_36": "rgb(216, 200, 82)",
    "user_37": "rgb(194, 194, 194)",
    "user_38": "rgb(89, 148, 220)",
    "user_39": "rgb(180, 219, 210)",
    "user_4": "rgb(139, 105, 20)",
    "user_40": "rgb(216, 200, 82)",
    "user_41": "rgb(194, 194, 194)",
    "user_42": "rgb(89, 148, 220)",
    "user_43": "rgb(180, 219, 210)",
    "user_44": "rgb(216, 200, 82)",
    "user_45": "rgb(194, 194, 194)",
    "user_5": "rgb(191, 10, 48)",
    "user_6": "rgb(40, 80, 140)",
    "user_7": "rgb(60, 110, 110)",
    "user_8": "rgb(120, 90, 30)",
    "user_9": "rgb(160, 60, 70)",
    "via_blind_buried": "rgb(139, 105, 20)",
    "via_hole": "rgba(128, 102, 0, 0.800)",
    "via_hole_walls": "rgb(236, 236, 236)",
    "via_micro": "rgb(61, 122, 122)",
    "via_net_names": "rgba(50, 50, 50, 0.902)",
    "via_through": "rgb(60, 60, 60)",
    "worksheet": "rgb(139, 105, 20)"
  },
  "fpedit": {
    "anchor": "rgb(0, 40, 104)",
    "aux_items": "rgb(40, 40, 40)",
    "b_adhes": "rgba(0, 40, 104, 0.600)",
    "b_crtyd": "rgb(61, 122, 122)",
    "b_fab": "rgb(80, 90, 100)",
    "b_mask": "rgba(0, 40, 104, 0.650)",
    "b_paste": "rgba(61, 122, 122, 0.700)",
    "b_silks": "rgba(0, 40, 104, 0.850)",
    "background": "rgb(255, 255, 255)",
    "cmts_user": "rgb(139, 105, 20)",
    "copper": {
      "b": "rgba(0, 40, 104, 0.800)",
      "f": "rgba(191, 10, 48, 0.800)",
      "in1": "rgba(61, 122, 122, 0.700)",
      "in10": "rgb(120, 80, 120)",
      "in11": "rgb(140, 80, 80)",
      "in12": "rgb(120, 120, 60)",
      "in13": "rgb(100, 100, 100)",
      "in14": "rgb(0, 40, 104)",
      "in15": "rgb(61, 122, 122)",
      "in16": "rgb(191, 10, 48)",
      "in17": "rgb(139, 105, 20)",
      "in18": "rgb(120, 80, 140)",
      "in19": "rgb(191, 10, 48)",
      "in2": "rgba(139, 105, 20, 0.700)",
      "in20": "rgb(60, 100, 100)",
      "in21": "rgb(61, 122, 122)",
      "in22": "rgb(0, 40, 104)",
      "in23": "rgb(100, 100, 100)",
      "in24": "rgb(120, 80, 120)",
      "in25": "rgb(80, 80, 80)",
      "in26": "rgb(120, 80, 120)",
      "in27": "rgb(140, 80, 80)",
      "in28": "rgb(120, 120, 60)",
      "in29": "rgb(80, 80, 80)",
      "in3": "rgba(60, 120, 120, 0.700)",
      "in30": "rgb(0, 40, 104)",
      "in4": "rgba(40, 120, 120, 0.700)",
      "in5": "rgba(140, 80, 140, 0.700)",
      "in6": "rgba(120, 80, 120, 0.700)",
      "in7": "rgb(100, 100, 100)",
      "in8": "rgb(120, 80, 120)",
      "in9": "rgb(80, 80, 80)"
    },
    "cursor": "rgb(0, 0, 0)",
    "dwgs_user": "rgb(60, 60, 60)",
    "eco1_user": "rgb(61, 122, 122)",
    "eco2_user": "rgb(139, 105, 20)",
    "edge_cuts": "rgba(139, 105, 20, 0.900)",
    "f_adhes": "rgba(191, 10, 48, 0.600)",
    "f_crtyd": "rgb(60, 60, 60)",
    "f_fab": "rgb(160, 100, 100)",
    "f_mask": "rgba(191, 10, 48, 0.650)",
    "f_paste": "rgba(180, 80, 80, 0.700)",
    "f_silks": "rgba(40, 40, 40, 0.900)",
    "footprint_text_back": "rgb(0, 40, 104)",
    "footprint_text_front": "rgb(60, 60, 60)",
    "footprint_text_invisible": "rgb(160, 160, 160)",
    "grid": "rgba(200, 200, 210, 0.700)",
    "pad_back": "rgba(0, 40, 104, 0.750)",
    "pad_front": "rgba(191, 10, 48, 0.750)",
    "pad_through_hole": "rgba(61, 122, 122, 0.750)",
    "plated_hole": "rgb(139, 105, 20)",
    "worksheet": "rgb(139, 105, 20)"
  },
  "gerbview": {
    "axes": "rgb(0, 0, 132)",
    "background": "rgb(0, 0, 0)",
    "dcodes": "rgb(255, 255, 255)",
    "grid": "rgb(132, 132, 132)",
    "layers": [
      "rgb(200, 52, 52)",
      "rgb(127, 200, 127)",
      "rgb(206, 125, 44)",
      "rgb(79, 203, 203)",
      "rgb(219, 98, 139)",
      "rgb(167, 165, 198)",
      "rgb(40, 204, 217)",
      "rgb(232, 178, 167)",
      "rgb(242, 237, 161)",
      "rgb(141, 203, 129)",
      "rgb(237, 124, 51)",
      "rgb(91, 195, 235)",
      "rgb(247, 111, 142)",
      "rgb(77, 127, 196)",
      "rgb(200, 52, 52)",
      "rgb(127, 200, 127)",
      "rgb(206, 125, 44)",
      "rgb(79, 203, 203)",
      "rgb(219, 98, 139)",
      "rgb(167, 165, 198)",
      "rgb(40, 204, 217)",
      "rgb(232, 178, 167)",
      "rgb(242, 237, 161)",
      "rgb(141, 203, 129)",
      "rgb(237, 124, 51)",
      "rgb(91, 195, 235)",
      "rgb(247, 111, 142)",
      "rgb(77, 127, 196)",
      "rgb(200, 52, 52)",
      "rgb(127, 200, 127)",
      "rgb(206, 125, 44)",
      "rgb(79, 203, 203)",
      "rgb(219, 98, 139)",
      "rgb(167, 165, 198)",
      "rgb(40, 204, 217)",
      "rgb(232, 178, 167)",
      "rgb(242, 237, 161)",
      "rgb(141, 203, 129)",
      "rgb(237, 124, 51)",
      "rgb(91, 195, 235)",
      "rgb(247, 111, 142)",
      "rgb(77, 127, 196)",
      "rgb(200, 52, 52)",
      "rgb(127, 200, 127)",
      "rgb(206, 125, 44)",
      "rgb(79, 203, 203)",
      "rgb(219, 98, 139)",
      "rgb(167, 165, 198)",
      "rgb(40, 204, 217)",
      "rgb(232, 178, 167)",
      "rgb(242, 237, 161)",
      "rgb(141, 203, 129)",
      "rgb(237, 124, 51)",
      "rgb(91, 195, 235)",
      "rgb(247, 111, 142)",
      "rgb(77, 127, 196)",
      "rgb(200, 52, 52)",
      "rgb(127, 200, 127)",
      "rgb(206, 125, 44)",
      "rgb(79, 203, 203)",
      "rgb(219, 98, 139)",
      "rgb(167, 165, 198)",
      "rgb(40, 204, 217)",
      "rgb(232, 178, 167)"
    ],
    "negative_objects": "rgb(132, 132, 132)",
    "page_limits": "rgb(132, 132, 132)",
    "worksheet": "rgb(0, 0, 132)"
  },
  "meta": {
    "filename": "american-embedded-light",
    "name": "American Embedded Light",
    "version": 5
  },
  "schematic": {
    "anchor": "rgb(0, 40, 104)",
    "aux_items": "rgb(40, 40, 40)",
    "background": "rgb(245, 245, 245)",
    "brightened": "rgb(0, 40, 104)",
    "bus": "rgb(0, 40, 104)",
    "bus_junction": "rgb(0, 40, 104)",
    "component_body": "rgb(235, 235, 230)",
    "component_outline": "rgb(191, 10, 48)",
    "cursor": "rgb(40, 40, 40)",
    "dnp_marker": "rgba(220, 9, 13, 0.851)",
    "drag_net_collision": "rgba(230, 9, 13, 0.800)",
    "erc_error": "rgba(191, 10, 48, 0.851)",
    "erc_exclusion": "rgba(194, 194, 194, 0.800)",
    "erc_warning": "rgba(180, 130, 0, 0.851)",
    "excluded_from_sim": "rgba(194, 194, 194, 0.949)",
    "fields": "rgb(61, 122, 122)",
    "grid": "rgb(210, 210, 210)",
    "grid_axes": "rgb(210, 210, 210)",
    "hidden": "rgb(160, 160, 160)",
    "hovered": "rgb(0, 0, 255)",
    "junction": "rgb(61, 122, 122)",
    "label_global": "rgb(0, 40, 104)",
    "label_hier": "rgb(139, 105, 20)",
    "label_local": "rgb(40, 40, 40)",
    "net_name": "rgb(40, 40, 40)",
    "netclass_flag": "rgb(72, 72, 72)",
    "no_connect": "rgb(191, 10, 48)",
    "note": "rgb(139, 105, 20)",
    "note_background": "rgba(0, 0, 0, 0.000)",
    "op_currents": "rgb(224, 0, 12)",
    "op_voltages": "rgb(132, 0, 50)",
    "override_item_colors": false,
    "page_limits": "rgb(210, 210, 210)",
    "pin": "rgb(191, 10, 48)",
    "pin_name": "rgb(40, 40, 40)",
    "pin_number": "rgb(191, 10, 48)",
    "private_note": "rgb(72, 72, 255)",
    "reference": "rgb(40, 40, 40)",
    "rule_area": "rgb(255, 0, 0)",
    "shadow": "rgba(191, 10, 48, 0.851)",
    "sheet": "rgb(61, 122, 122)",
    "sheet_background": "rgba(225, 228, 232, 0.800)",
    "sheet_fields": "rgb(139, 105, 20)",
    "sheet_filename": "rgb(139, 105, 20)",
    "sheet_label": "rgb(139, 105, 20)",
    "sheet_name": "rgb(0, 40, 104)",
    "value": "rgb(61, 122, 122)",
    "wire": "rgb(61, 122, 122)",
    "worksheet": "rgb(139, 105, 20)"
  }
}
